{
  "atomic": {
    "x": 0.4513596754807692,
    "y": 0.6035774886877828
  },
  "focus-1": {
    "x": 0.2968860470871041,
    "y": 0.41946761877828054
  },
  "focus-2": {
    "x": 0.35623762726244346,
    "y": 0.2939514988687783
  },
  "focus-3": {
    "x": 0.5860943686368778,
    "y": 0.3045637726244344
  },
  "focus-4": {
    "x": 0.6226955776300905,
    "y": 0.44505090497737554
  },
  "fog": {
    "x": 0.22260322398190044,
    "y": 0.7556313631221719
  },
  "groot-1": {
    "x": 0.3556808540723982,
    "y": 0.848006221719457
  },
  "groot-2": {
    "x": 0.44579415299773756,
    "y": 0.8460548642533937
  },
  "groot-3": {
    "x": 0.5641769478223982,
    "y": 0.8483880090497737
  },
  "tripar-1": {
    "x": 0.2758457649886878,
    "y": 0.5036835407239819
  },
  "tripar-10": {
    "x": 0.501155525311086,
    "y": 0.8456412613122172
  },
  "tripar-11": {
    "x": 0.40328275240384615,
    "y": 0.8475643382352941
  },
  "tripar-12": {
    "x": 0.30123197115384615,
    "y": 0.8171309389140271
  },
  "tripar-2": {
    "x": 0.32646793693438914,
    "y": 0.32884615384615384
  },
  "tripar-3": {
    "x": 0.3801037542420814,
    "y": 0.23834488122171946
  },
  "tripar-4": {
    "x": 0.5678489995757918,
    "y": 0.24400452488687782
  },
  "tripar-5": {
    "x": 0.5976916006787331,
    "y": 0.3731264140271493
  },
  "tripar-6": {
    "x": 0.6389082826640271,
    "y": 0.5051505938914027
  },
  "tripar-7": {
    "x": 0.5122401725113123,
    "y": 0.6093962104072398
  },
  "tripar-8": {
    "x": 0.3876400770644796,
    "y": 0.5953443156108598
  },
  "tripar-9": {
    "x": 0.634789928591629,
    "y": 0.8131398472850678
  }
}